"","v","cdr3","pf","tgp"
"1","not_found","CASSLGETQYF",76,2.45599281585634e-06
"2","not_found","CSLNNLYF",73,1.92279880125584e-12
"3","not_found","CASSLQETQYF",43,1.31036960400723e-06
"4","not_found","CASSLGQAYEQYF",42,7.47006610861625e-07
"5","not_found","CASSSSYEQYF",36,3.40505397466011e-06
"6","not_found","CASSLGYEQYF",35,4.31840348797094e-06
"7","not_found","CASSLEETQYF",32,1.21186012602889e-06
"8","not_found","CASSLGDTQYF",32,1.05448178199615e-06
"9","not_found","CASSLSYEQYF",30,3.13683813594653e-06
"10","not_found","CSGGAGWELFF",30,5.74412307309329e-11
"11","not_found","CASSLTDTQYF",29,1.45592252407723e-06
"12","not_found","CASSSYNEQFF",29,1.49115439741933e-06
"13","not_found","CASSLGTEAFF",28,1.85643235798378e-06
"14","not_found","CASSLGPNTEAFF",27,5.95051975889203e-07
"15","not_found","CASSPSTDTQYF",26,1.04663708651768e-06
"16","not_found","CASSFQETQYF",25,2.64655378395013e-07
"17","not_found","CASSFGETQYF",24,5.00742489017941e-07
"18","not_found","CASSLYNEQFF",24,1.39473015149488e-06
"19","not_found","CASSFSYEQYF",23,1.33656175090866e-06
"20","not_found","CASSPSYEQYF",23,2.65882113017649e-06
"21","not_found","CASSSTDTQYF",23,1.49880116192257e-06
"22","not_found","CASSLRETQYF",22,1.72991711478706e-06
"23","not_found","CASSLGNTEAFF",21,1.74869804254936e-06
"24","not_found","CASSIRSSYEQYF",20,1.8046338411904e-07
"25","not_found","CASSLGNEQFF",20,1.62781684460363e-06
"26","not_found","CASSYSYEQYF",20,1.75266010635794e-06
"27","not_found","CSARESTSDPKNEQFF",20,5.91758505678369e-14
"28","not_found","CASSFTDTQYF",19,3.62143808465212e-07
"29","not_found","CASSLADTQYF",19,1.14623764712481e-06
"30","not_found","CASSPQETQYF",19,8.45701362634766e-07
"31","not_found","CASSSQETQYF",19,1.16238264289369e-06
"32","not_found","CSVGTGGTNEKLFF",19,5.34721409789385e-09
"33","not_found","CASSLAYEQYF",18,3.05452010044917e-06
"34","not_found","CASSLGGTEAFF",18,2.13433973936954e-06
"35","not_found","CASSLNTEAFF",18,1.23306057427889e-06
"36","not_found","CASSSYYEQYF",18,7.97493984082206e-07
"37","not_found","CASSEDGMNTEAFF",17,2.61603754434916e-08
"38","not_found","CASSFGDTQYF",17,2.31368482307316e-07
"39","not_found","CASSLGGNEQFF",17,1.8934972715302e-06
"40","not_found","CASSLGGNTEAFF",17,2.3719519630608e-06
"41","not_found","CASSLSTDTQYF",17,1.17741450933944e-06
"42","not_found","CASSPGETQYF",17,2.36901846841723e-06
"43","not_found","CASSPGYEQYF",17,4.4197473536934e-06
"44","not_found","CASSSPYEQYF",17,1.09110592649482e-06
"45","not_found","CASSLGSYEQYF",16,3.36777255408724e-06
"46","not_found","CASSLKETQYF",16,5.66155557580539e-07
"47","not_found","CASSQETQYF",16,1.02615036015452e-06
"48","not_found","CASSYTDTQYF",16,8.02022862511689e-07
"49","not_found","CASSFGYEQYF",15,9.17219586420609e-07
"50","not_found","CASSLGGYEQYF",15,5.58552626973334e-06
"51","not_found","CASSLGTDTQYF",15,2.17267740850698e-06
"52","not_found","CASSLNTGELFF",15,6.36458096694799e-07
"53","not_found","CASSQGYEQYF",15,4.2791104248537e-06
"54","not_found","CASSFTGELFF",14,2.07510996333922e-07
"55","not_found","CASSIGTDTQYF",14,3.91629427414635e-07
"56","not_found","CASSLDSYEQYF",14,1.9894903036005e-06
"57","not_found","CASSLGPNYEQYF",14,1.21600651270252e-07
"58","not_found","CASSLGPYEQYF",14,2.57748457089711e-06
"59","not_found","CASSLGQNNEQFF",14,7.49755200769262e-08
"60","not_found","CASSLGRNTEAFF",14,1.2614990907011e-06
"61","not_found","CASSLSSYEQYF",14,1.73601087721734e-06
"62","not_found","CASSPGQGYEQYF",14,2.09583196217011e-06
"63","not_found","CASSQGETQYF",14,1.82388596461698e-06
"64","not_found","CASSSLNTEAFF",14,6.73115866826318e-07
"65","not_found","CASSARTGELFF",13,2.53981177138728e-07
"66","not_found","CASSFGNTEAFF",13,3.58202122447767e-07
"67","not_found","CASSLAETQYF",13,1.1446163276968e-06
"68","not_found","CASSLGGYGYTF",13,2.34361847673028e-06
"69","not_found","CASSLGQNYGYTF",13,3.84315196051635e-07
"70","not_found","CASSLGYNEQFF",13,1.70365868549535e-06
"71","not_found","CASSLRDTQYF",13,8.21869130332432e-07
"72","not_found","CASSLTGNTEAFF",13,1.16866623758178e-06
"73","not_found","CASSPGGTEAFF",13,1.65750506725444e-06
"74","not_found","CASSPKETQYF",13,4.80689639940886e-07
"75","not_found","CASSPNNEQFF",13,4.2142128803631e-07
"76","not_found","CASSSNTGELFF",13,5.62251838024791e-07
"77","not_found","CASSSTYEQYF",13,1.79916724357549e-06
"78","not_found","CASSYGETQYF",13,4.84537818423808e-07
"79","not_found","CTWKVFF",13,6.89563627907244e-13
"80","not_found","CAISVGNEQFF",12,1.41052114213644e-08
"81","not_found","CASSAYNEQFF",12,6.91468690025571e-07
"82","not_found","CASSHTDTQYF",12,4.10288142581281e-07
"83","not_found","CASSLDRNTEAFF",12,9.34750477005021e-07
"84","not_found","CASSLGDEQYF",12,2.09637067614617e-06
"85","not_found","CASSLGSYNEQFF",12,1.07179176715054e-06
"86","not_found","CASSLGVNTEAFF",12,1.0002407005061e-06
"87","not_found","CASSLNNEQFF",12,5.47946131868437e-07
"88","not_found","CASSLQGYEQYF",12,2.30951254508372e-06
"89","not_found","CASSLTYEQYF",12,2.3143195983268e-06
"90","not_found","CASSLVETQYF",12,6.22989957955696e-07
"91","not_found","CASSPAYEQYF",12,2.06895685515608e-06
"92","not_found","CASSASYEQYF",11,1.44840802287666e-06
"93","not_found","CASSDYEQYF",11,2.07253283012946e-06
"94","not_found","CASSFYNEQFF",11,3.6073854948236e-07
"95","not_found","CASSHSYEQYF",11,1.30818405382382e-06
"96","not_found","CASSLDQETQYF",11,5.46866567474988e-07
"97","not_found","CASSLGAYEQYF",11,3.64507752283512e-06
"98","not_found","CASSLGGYNEQFF",11,1.92278223527725e-06
"99","not_found","CASSLGTGELFF",11,1.19280189131454e-06
"100","not_found","CASSLQGNTEAFF",11,1.39398027671284e-06
"101","not_found","CASSLSRPDTQYF",11,6.94752545240115e-08
"102","not_found","CASSPGGYEQYF",11,4.30877740162069e-06
"103","not_found","CASSPGPNYEQYF",11,9.48486510447196e-08
"104","not_found","CASSPNTEAFF",11,7.25352076442792e-07
"105","not_found","CASSSANYGYTF",11,3.97706474994464e-07
"106","not_found","CASSSGSYEQYF",11,3.23774001357746e-06
"107","not_found","CASSSSSYEQYF",11,1.51990436389687e-06
"108","not_found","CASSDTDTQYF",10,7.82374816961169e-07
"109","not_found","CASSFGVNTEAFF",10,2.43032747902809e-07
"110","not_found","CASSGDGMNTEAFF",10,5.33079625268812e-08
"111","not_found","CASSLAGGYNEQFF",10,9.83004016957961e-07
"112","not_found","CASSLGANYGYTF",10,8.15128325924391e-07
"113","not_found","CASSLGGEQFF",10,9.40968548090456e-07
"114","not_found","CASSLGGNTIYF",10,8.41285064340816e-07
"115","not_found","CASSLGNYGYTF",10,1.13662961404658e-06
"116","not_found","CASSLGRYNEQFF",10,7.6214313043177e-07
"117","not_found","CASSLLETQYF",10,8.64892890906626e-07
"118","not_found","CASSLRGYGYTF",10,1.67572145018845e-06
"119","not_found","CASSLSDTQYF",10,4.81641472600367e-07
"120","not_found","CASSLVGTEAFF",10,3.36831632602966e-07
"121","not_found","CASSPGQGAYEQYF",10,8.20234628511674e-07
"122","not_found","CASSPRTDTQYF",10,8.84093778126289e-07
"123","not_found","CASSPSGANVLTF",10,1.71611176453368e-07
"124","not_found","CASSREGDQPQHF",10,1.27505839011295e-07
"125","not_found","CASSRTDTQYF",10,1.71192056803771e-06
"126","not_found","CASSTSYEQYF",10,1.80197165145867e-06
"127","not_found","CASSYNEQFF",10,1.15848724046188e-06
"128","not_found","CASSDSYEQYF",9,2.75224474220268e-06
"129","not_found","CASSDTGELFF",9,5.95330203784291e-07
"130","not_found","CASSFGQMNTEAFF",9,5.08892598243348e-08
"131","not_found","CASSFGTDTQYF",9,4.97963526128254e-07
"132","not_found","CASSFSTDTQYF",9,4.70659307766955e-07
"133","not_found","CASSGGTDTQYF",9,2.86793461734398e-06
"134","not_found","CASSGSYEQYF",9,3.54107812067176e-06
"135","not_found","CASSHQETQYF",9,3.02783909620085e-07
"136","not_found","CASSLAGAYEQYF",9,2.05917662331334e-06
"137","not_found","CASSLAGELFF",9,5.78414814442128e-07
"138","not_found","CASSLAGETQYF",9,2.15195405028457e-06
"139","not_found","CASSLDNEQFF",9,1.29218492315328e-06
"140","not_found","CASSLEDTQYF",9,3.83029117789734e-07
"141","not_found","CASSLEGNTEAFF",9,6.52422588422843e-07
"142","not_found","CASSLGAGELFF",9,6.58961700689449e-07
"143","not_found","CASSLGGEQYF",9,2.2729898151569e-06
"144","not_found","CASSLGGETQYF",9,2.81955580381015e-06
"145","not_found","CASSLGGQPQHF",9,1.76597917466793e-06
"146","not_found","CASSLGLNTEAFF",9,1.05890966159499e-06
"147","not_found","CASSLGMNTEAFF",9,7.4573995383794e-07
"148","not_found","CASSLGQGYEQYF",9,2.2645592567575e-06
"149","not_found","CASSLGRETQYF",9,1.39663182335944e-06
"150","not_found","CASSLLGEQYF",9,4.92417110055189e-07
"151","not_found","CASSLQGANYEQYF",9,3.92288205697451e-08
"152","not_found","CASSLQGSYEQYF",9,1.42725314049791e-06
"153","not_found","CASSLQNTEAFF",9,6.40841552102089e-07
"154","not_found","CASSLRTEAFF",9,9.41980347218132e-07
"155","not_found","CASSLRYEQYF",9,2.38002305414116e-06
"156","not_found","CASSLSGANVLTF",9,3.1840289165891e-07
"157","not_found","CASSLTETQYF",9,7.89215406455695e-07
"158","not_found","CASSLTGELFF",9,8.37088560014569e-07
"159","not_found","CASSLVDTQYF",9,2.98797325786307e-07
"160","not_found","CASSPGSYEQYF",9,3.1684192069921e-06
"161","not_found","CASSPGTGGYEQYF",9,5.11811340167582e-07
"162","not_found","CASSPRGYEQYF",9,3.33228210513245e-06
"163","not_found","CASSPSSYEQYF",9,1.46969150116166e-06
"164","not_found","CASSPTGYEQYF",9,1.65404291938818e-06
"165","not_found","CASSQGLNTEAFF",9,9.2913029672736e-07
"166","not_found","CASSRGNTEAFF",9,3.9303585325074e-06
"167","not_found","CASSRYNEQFF",9,1.68886475723144e-06
"168","not_found","CASSSDSYEQYF",9,1.18240871890809e-06
"169","not_found","CASSSGNTIYF",9,6.68110866095478e-07
"170","not_found","CASSSYEQYF",9,3.89371585644008e-06
"171","not_found","CSARDRTGNGYTF",9,7.01051935214297e-09
"172","not_found","CSVGGGTEAFF",9,8.60166836706786e-08
"173","not_found","CASRQNTEAFF",8,5.76876042034944e-07
"174","not_found","CASSAQETQYF",8,5.62945078713292e-07
"175","not_found","CASSDTYEQYF",8,9.08719749718131e-07
"176","not_found","CASSFGGTEAFF",8,4.62845253112379e-07
"177","not_found","CASSFSDTQYF",8,2.28629954392849e-07
"178","not_found","CASSFSGELFF",8,1.72224233632637e-07
"179","not_found","CASSFVSGTDTQYF",8,1.7447960235438e-08
"180","not_found","CASSGETQYF",8,1.94002062010624e-06
"181","not_found","CASSGNEQFF",8,1.39913358657125e-06
"182","not_found","CASSGYEQYF",8,3.28737805118968e-06
"183","not_found","CASSLAGNEQFF",8,1.98265954294503e-06
"184","not_found","CASSLANEQFF",8,8.30770456959951e-07
"185","not_found","CASSLAQETQYF",8,7.89534302729196e-07
"186","not_found","CASSLARNTEAFF",8,4.53362353806961e-07
"187","not_found","CASSLEYNEQFF",8,4.34263742829132e-07
"188","not_found","CASSLGADTQYF",8,9.99025603660029e-07
"189","not_found","CASSLGDEQFF",8,1.02127824133243e-06
"190","not_found","CASSLGDTEAFF",8,1.52832168416946e-06
"191","not_found","CASSLGGNQPQHF",8,2.86731972766634e-06
"192","not_found","CASSLGGSSYEQYF",8,1.26675481132236e-06
"193","not_found","CASSLGNTGELFF",8,8.55250360365913e-07
"194","not_found","CASSLGPTYEQYF",8,3.54268116222314e-07
"195","not_found","CASSLGQGYGYTF",8,1.39786657693919e-06
"196","not_found","CASSLGQNTEAFF",8,7.66260926069616e-07
"197","not_found","CASSLGSTDTQYF",8,1.0578422706695e-06
"198","not_found","CASSLGYGYTF",8,1.6205406433236e-06
"199","not_found","CASSLLGNEQFF",8,4.80676484922558e-07
"200","not_found","CASSLLYEQYF",8,1.54279585261968e-06
"201","not_found","CASSLRGSYEQYF",8,2.28465171248145e-06
"202","not_found","CASSLRGTEAFF",8,1.48815417265054e-06
"203","not_found","CASSLRTDTQYF",8,1.1333826624782e-06
"204","not_found","CASSLTGYEQYF",8,2.285625739448e-06
"205","not_found","CASSLTSYEQYF",8,1.47737907663998e-06
"206","not_found","CASSLVNTEAFF",8,4.95767937510441e-07
"207","not_found","CASSLVTDTQYF",8,5.03944514189739e-07
"208","not_found","CASSLVYEQYF",8,1.11766482974392e-06
"209","not_found","CASSLYEQYF",8,2.91825059236815e-06
"210","not_found","CASSLYTEAFF",8,4.10208435249524e-07
"211","not_found","CASSNQETQYF",8,1.63347405167552e-07
"212","not_found","CASSNSYEQYF",8,7.53289610090422e-07
"213","not_found","CASSPDSNQPQHF",8,8.15814990496178e-07
"214","not_found","CASSPDTDTQYF",8,4.66475152242147e-07
"215","not_found","CASSPGLNTEAFF",8,1.08110196217658e-06
"216","not_found","CASSPGTYEQYF",8,2.16311540801219e-06
"217","not_found","CASSPGYNEQFF",8,1.44464514965685e-06
"218","not_found","CASSPQRNTEAFF",8,1.62086243161802e-07
"219","not_found","CASSPSRNTEAFF",8,2.29009654825531e-07
"220","not_found","CASSPTGELFF",8,5.2684952649208e-07
"221","not_found","CASSPTGYYNEQFF",8,2.10436150439832e-08
"222","not_found","CASSQGNEQFF",8,9.34587020093423e-07
"223","not_found","CASSQGNSPLHF",8,6.96561424774021e-07
"224","not_found","CASSQTYEQYF",8,8.73948594460613e-07
"225","not_found","CASSRNTEAFF",8,2.04542078762843e-06
"226","not_found","CASSSGETQYF",8,2.3749276409621e-06
"227","not_found","CASSSGPNTEAFF",8,4.2926574062097e-07
"228","not_found","CASSSGQAYEQYF",8,3.74854676626161e-07
"229","not_found","CASSSLYEQYF",8,1.19209290783877e-06
"230","not_found","CASSSNYEQYF",8,4.75296512929379e-07
"231","not_found","CASSSQGNTEAFF",8,8.93135257833248e-07
"232","not_found","CASSSTGELFF",8,8.15262274316112e-07
"233","not_found","CASSYGNTEAFF",8,3.47005902574341e-07
"234","not_found","CASSYSGNTEAFF",8,2.58991058138142e-07
"235","not_found","CASSYSSYEQYF",8,7.8648952284312e-07
"236","not_found","CAIGTGDSNQPQHF",7,1.09524241001396e-08
"237","not_found","CASGNYEQYF",7,1.84511603402638e-07
"238","not_found","CASRGSYEQYF",7,3.61377484096358e-06
"239","not_found","CASRISYEQYF",7,3.54410093522936e-07
"240","not_found","CASRLNTEAFF",7,5.87360332991724e-07
"241","not_found","CASRRNTEAFF",7,9.18910559082795e-07
"242","not_found","CASSEGETQYF",7,1.20577407323466e-06
"243","not_found","CASSFEETQYF",7,2.46516293955348e-07
"244","not_found","CASSFGEQFF",7,1.69585051929473e-07
"245","not_found","CASSFLSGTDTQYF",7,4.19854538692296e-08
"246","not_found","CASSFRDTQYF",7,3.39249017683495e-07
"247","not_found","CASSGNTEAFF",7,1.47363996105198e-06
"248","not_found","CASSGQETQYF",7,2.14240261921217e-06
"249","not_found","CASSLAGEETQYF",7,8.55329717135266e-07
"250","not_found","CASSLAGSSYEQYF",7,8.43633896860718e-07
"251","not_found","CASSLAGTDTQYF",7,2.33096782921812e-06
"252","not_found","CASSLAGYNEQFF",7,1.88919344357787e-06
"253","not_found","CASSLDGYEQYF",7,6.65689456758265e-07
"254","not_found","CASSLDRETQYF",7,7.74469402372352e-07
"255","not_found","CASSLDSYGYTF",7,7.10420103186086e-07
"256","not_found","CASSLDTEAFF",7,9.44701424862304e-07
"257","not_found","CASSLDTGELFF",7,7.28913657821269e-07
"258","not_found","CASSLDYEQYF",7,1.78825826972302e-06
"259","not_found","CASSLEGYEQYF",7,1.50678053451868e-06
"260","not_found","CASSLGDGYTF",7,1.19529138535267e-06
"261","not_found","CASSLGDNEQFF",7,1.13326634662725e-06
"262","not_found","CASSLGDYEQYF",7,1.50580099141938e-06
"263","not_found","CASSLGDYGYTF",7,1.25822580936724e-06
"264","not_found","CASSLGGAYEQYF",7,2.84764540802655e-06
"265","not_found","CASSLGGDGYTF",7,7.73718305594341e-07
"266","not_found","CASSLGGDTQYF",7,1.21750492409116e-06
"267","not_found","CASSLGGDYGYTF",7,8.25659126528256e-07
"268","not_found","CASSLGGEAFF",7,9.35644733156679e-07
"269","not_found","CASSLGGGTEAFF",7,9.76038751429376e-07
"270","not_found","CASSLGGSTDTQYF",7,1.03270753751756e-06
"271","not_found","CASSLGGSYEQYF",7,3.63096780960882e-06
"272","not_found","CASSLGGTQYF",7,4.59371221026485e-07
"273","not_found","CASSLGPEAFF",7,5.9972928957794e-07
"274","not_found","CASSLGQTYEQYF",7,3.35718331067705e-07
"275","not_found","CASSLGRGETQYF",7,7.13618438756777e-07
"276","not_found","CASSLGSNTEAFF",7,3.43116533482077e-07
"277","not_found","CASSLGSSYEQYF",7,1.44252106941133e-06
"278","not_found","CASSLGSYGYTF",7,7.11102425276722e-07
"279","not_found","CASSLGTSGEQFF",7,1.57037935123149e-07
"280","not_found","CASSLIGVSSYNEQFF",7,6.63949832504247e-09
"281","not_found","CASSLNEQFF",7,1.26348797767147e-06
"282","not_found","CASSLNYGYTF",7,6.16480371179831e-07
"283","not_found","CASSLQGNEQFF",7,4.50634219712596e-07
"284","not_found","CASSLRENTEAFF",7,4.62384318065035e-07
"285","not_found","CASSLRGDTQYF",7,7.14292097267087e-07
"286","not_found","CASSLRGNEQFF",7,1.07230702691903e-06
"287","not_found","CASSLRNEQFF",7,1.01290711942617e-06
"288","not_found","CASSLSETQYF",7,6.09542944443778e-07
"289","not_found","CASSLSGELFF",7,3.41409961270509e-07
"290","not_found","CASSLSPYEQYF",7,4.57176252991137e-07
"291","not_found","CASSLVGDTQYF",7,2.17557649240431e-07
"292","not_found","CASSLVGETQYF",7,4.871166522081e-07
"293","not_found","CASSLVGNEQFF",7,3.4047555792642e-07
"294","not_found","CASSLVSYEQYF",7,9.75321338164228e-07
"295","not_found","CASSNTDTQYF",7,2.08716981453424e-07
"296","not_found","CASSPGNEQFF",7,1.41970316356025e-06
"297","not_found","CASSPGPNYGYTF",7,5.14928187840309e-07
"298","not_found","CASSPGTDTQYF",7,1.8600305377645e-06
"299","not_found","CASSPLGYEQYF",7,8.68305941062566e-07
"300","not_found","CASSPPSTDTQYF",7,2.84803581836722e-07
"301","not_found","CASSPQGYEQYF",7,1.90082531191894e-06
"302","not_found","CASSPTGGTEAFF",7,4.48371957823621e-07
"303","not_found","CASSPTGNYGYTF",7,5.40443281843761e-07
"304","not_found","CASSQADTQYF",7,3.52573789946165e-07
"305","not_found","CASSQDSYEQYF",7,9.05268794255245e-07
"306","not_found","CASSQTDTQYF",7,3.3050611381736e-07
"307","not_found","CASSRGETQYF",7,3.79958285389848e-06
"308","not_found","CASSRGTEAFF",7,3.48427773493874e-06
"309","not_found","CASSRNTGELFF",7,9.3267989287355e-07
"310","not_found","CASSRQETQYF",7,2.07190428373317e-06
"311","not_found","CASSRTSATGELFF",7,1.64731560156849e-08
"312","not_found","CASSSAYEQYF",7,2.12189134963233e-06
"313","not_found","CASSSFYEQYF",7,4.13520373418917e-07
"314","not_found","CASSSNEQFF",7,1.13638510912203e-06
"315","not_found","CASSSNTDTQYF",7,1.67568947606192e-07
"316","not_found","CASSSNYGYTF",7,8.43596692809955e-07
"317","not_found","CASSSQGYEQYF",7,1.4830705830512e-06
"318","not_found","CASSSSGANVLTF",7,3.80966691046563e-07
"319","not_found","CASSSSTEAFF",7,6.19815859416083e-07
"320","not_found","CASSSVNEQFF",7,3.00262180029248e-07
"321","not_found","CASSTDTQYF",7,8.48179586598274e-07
"322","not_found","CASSTYEQYF",7,2.1027881732379e-06
"323","not_found","CASSYGYEQYF",7,8.97084706809394e-07
"324","not_found","CASSYQETQYF",7,5.14131297093637e-07
"325","not_found","CASSYSGSYEQYF",7,4.99156899210906e-07
"326","not_found","CASSYSGTEAFF",7,2.53282045720516e-07
"327","not_found","CASSYTGELFF",7,5.32065979057645e-07
"328","not_found","CASTNTDTQYF",7,7.55411544772264e-08
"329","not_found","CATSDLSINQPQHF",7,2.4513850564924e-09
"330","not_found","CACSKKLFF",6,1.36952328637747e-10
"331","not_found","CASGETQYF",6,5.63571979434962e-07
"332","not_found","CASGGNTEAFF",6,7.94922495858674e-07
"333","not_found","CASRDGLSYEQYF",6,2.4368689954829e-08
"334","not_found","CASRDTGELFF",6,5.88792809687621e-07
"335","not_found","CASRGTGELFF",6,1.21347266195336e-06
"336","not_found","CASRMNTEAFF",6,3.14138903368655e-07
"337","not_found","CASRNTGELFF",6,3.79164906084961e-07
"338","not_found","CASRQGTDTQYF",6,6.43373886877827e-07
"339","not_found","CASRQRDSYEQYF",6,4.31838857019063e-08
"340","not_found","CASRTGGTEAFF",6,6.56144934946693e-07
"341","not_found","CASSDRYEQYF",6,1.34422518039826e-06
"342","not_found","CASSEGDTQYF",6,5.01893328547999e-07
"343","not_found","CASSFGGNTEAFF",6,5.14675159134273e-07
"344","not_found","CASSFGGQETQYF",6,4.16201758038875e-07
"345","not_found","CASSFGSSYEQYF",6,2.81773862746345e-07
"346","not_found","CASSFNEQFF",6,3.0094569336857e-07
"347","not_found","CASSFNTGELFF",6,1.53266796534433e-07
"348","not_found","CASSFNYEQYF",6,1.78590659108021e-07
"349","not_found","CASSFSSYEQYF",6,7.13901340655026e-07
"350","not_found","CASSFVAGTDTQYF",6,4.03625194070802e-08
"351","not_found","CASSFYEQYF",6,6.83361251759013e-07
"352","not_found","CASSGDTGELFF",6,9.75714298058811e-07
"353","not_found","CASSGGETQYF",6,3.54377905081519e-06
"354","not_found","CASSGTGYGYTF",6,1.35179776468801e-06
"355","not_found","CASSHTGELFF",6,3.13924922634032e-07
"356","not_found","CASSIQETQYF",6,3.09543887301637e-07
"357","not_found","CASSITDTQYF",6,2.83029058812469e-07
"358","not_found","CASSLAGNQPQHF",6,1.0567636419596e-06
"359","not_found","CASSLAGNTEAFF",6,8.80031026746215e-07
"360","not_found","CASSLAGYEQYF",6,4.06039575633721e-06
"361","not_found","CASSLASYEQYF",6,1.67696673027347e-06
"362","not_found","CASSLAYNEQFF",6,1.28254566419231e-06
"363","not_found","CASSLDETQYF",6,5.33704112129963e-07
"364","not_found","CASSLDGTYEQYF",6,2.35071574496224e-07
"365","not_found","CASSLDRAYEQYF",6,1.48579734862351e-06
"366","not_found","CASSLDRGTEAFF",6,8.07219236938832e-07
"367","not_found","CASSLDSSYEQYF",6,8.16673590437254e-07
"368","not_found","CASSLDTDTQYF",6,6.720343742352e-07
"369","not_found","CASSLEGDQPQHF",6,3.02388251617018e-07
"370","not_found","CASSLEGNQPQHF",6,6.90936130782608e-07
"371","not_found","CASSLGDQPQHF",6,1.40472239371645e-06
"372","not_found","CASSLGDSYEQYF",6,1.16167942857593e-06
"373","not_found","CASSLGEKLFF",6,1.00386599614786e-06
"374","not_found","CASSLGGDEQFF",6,9.67495754316064e-07
"375","not_found","CASSLGGDTEAFF",6,9.96292626439814e-07
"376","not_found","CASSLGGMNTEAFF",6,8.01710855945083e-07
"377","not_found","CASSLGGTYEQYF",6,1.56816159432408e-06
"378","not_found","CASSLGLHYEQYF",6,8.25724026823638e-08
"379","not_found","CASSLGNEQYF",6,8.59167332811628e-07
"380","not_found","CASSLGPSYEQYF",6,8.88936025215777e-07
"381","not_found","CASSLGQGNTEAFF",6,1.38283841910094e-06
"382","not_found","CASSLGQGTEAFF",6,1.13822832312055e-06
"383","not_found","CASSLGQGTYEQYF",6,5.09426857950901e-07
"384","not_found","CASSLGQQETQYF",6,3.54585025443657e-07
"385","not_found","CASSLGRTEAFF",6,8.80884504927711e-07
"386","not_found","CASSLGSGELFF",6,3.25913108113163e-07
"387","not_found","CASSLGSSYNEQFF",6,7.77065513850615e-07
"388","not_found","CASSLGSTEAFF",6,5.64090753761634e-07
"389","not_found","CASSLGTAYEQYF",6,9.67636126828248e-07
"390","not_found","CASSLGTYEQYF",6,2.40408747272416e-06
"391","not_found","CASSLGYEQFF",6,3.66597857973251e-07
"392","not_found","CASSLNSYEQYF",6,4.67778594629228e-07
"393","not_found","CASSLNYEQYF",6,5.45051160387313e-07
"394","not_found","CASSLRGEQYF",6,1.47415012890905e-06
"395","not_found","CASSLRGETQYF",6,1.70093011405601e-06
"396","not_found","CASSLRGNTEAFF",6,1.70532630335796e-06
"397","not_found","CASSLRNEQYF",6,5.38314274574587e-07
"398","not_found","CASSLRRNTEAFF",6,5.88166371583851e-07
"399","not_found","CASSLSGSSYNEQFF",6,2.37261231763993e-07
"400","not_found","CASSLSGSYEQYF",6,1.05072670905354e-06
"401","not_found","CASSLSGYNEQFF",6,5.23849206048923e-07
"402","not_found","CASSLTAYEQYF",6,1.15220986324853e-06
"403","not_found","CASSLTGAYEQYF",6,1.1504197997475e-06
"404","not_found","CASSLTGGTDTQYF",6,5.44774876056557e-07
"405","not_found","CASSLTGGYGYTF",6,7.62401743391576e-07
"406","not_found","CASSLTSATGELFF",6,1.86752291320688e-08
"407","not_found","CASSLTSGSYEQYF",6,7.15147957999732e-07
"408","not_found","CASSLVADTQYF",6,2.25010464183753e-07
"409","not_found","CASSLVGYEQYF",6,8.95524838923351e-07
"410","not_found","CASSLVTEAFF",6,3.3152477972456e-07
"411","not_found","CASSLWGNTEAFF",6,3.57405535752788e-07
"412","not_found","CASSLYSNQPQHF",6,3.91897176277096e-07
"413","not_found","CASSLYYEQYF",6,1.00389097146513e-06
"414","not_found","CASSMTSGSYNEQFF",6,3.58524571686916e-08
"415","not_found","CASSPDNYGYTF",6,3.23554560685642e-07
"416","not_found","CASSPEETQYF",6,8.99532249744067e-07
"417","not_found","CASSPGGGELFF",6,4.21090748046912e-07
"418","not_found","CASSPGLQETQYF",6,3.99071527117414e-07
"419","not_found","CASSPGNTEAFF",6,2.02688652257887e-06
"420","not_found","CASSPGRNYGYTF",6,4.82534912673943e-07
"421","not_found","CASSPGTGYTF",6,4.98587810089129e-07
"422","not_found","CASSPRGGTEAFF",6,5.03328095201024e-07
"423","not_found","CASSPRGNEQFF",6,9.54307774659267e-07
"424","not_found","CASSPRGTEAFF",6,1.35720840495776e-06
"425","not_found","CASSPSGGETQYF",6,4.17489142584185e-07
"426","not_found","CASSPSTGELFF",6,4.39198178831809e-07
"427","not_found","CASSPTDTQYF",6,7.62898761805841e-07
"428","not_found","CASSPTGAYEQYF",6,7.57033626047064e-07
"429","not_found","CASSPTGNTEAFF",6,8.57468759409494e-07
"430","not_found","CASSPYNEQFF",6,8.75561017351448e-07
"431","not_found","CASSQAGNTEAFF",6,3.78542298263776e-07
"432","not_found","CASSQETGSYEQYF",6,1.55365857879308e-07
"433","not_found","CASSQGSYEQYF",6,2.88417306369022e-06
"434","not_found","CASSQQETQYF",6,5.13521663709483e-07
"435","not_found","CASSQSYEQYF",6,1.0920188753993e-06
"436","not_found","CASSRDRNYGYTF",6,3.53183267844265e-07
"437","not_found","CASSRDSTDTQYF",6,6.27265271058353e-07
"438","not_found","CASSRETQYF",6,2.58071887378072e-06
"439","not_found","CASSRGDTQYF",6,1.56043828720993e-06
"440","not_found","CASSRGYEQYF",6,8.0895960144827e-06
"441","not_found","CASSRSYEQYF",6,3.68961420534882e-06
"442","not_found","CASSRTGYGYTF",6,1.20245589937488e-06
"443","not_found","CASSRTSGSYNEQFF",6,3.15883869432502e-07
"444","not_found","CASSSDGMNTEAFF",6,4.04332930669769e-08
"445","not_found","CASSSGPNYEQYF",6,6.96626815973554e-08
"446","not_found","CASSSGQNYGYTF",6,2.00640958185944e-07
"447","not_found","CASSSGQQETQYF",6,1.97257911909938e-07
"448","not_found","CASSSGTYEQYF",6,2.29547865077124e-06
"449","not_found","CASSSGYEQYF",6,4.34074975174938e-06
"450","not_found","CASSSGYGYTF",6,1.64700622320584e-06
"451","not_found","CASSSRDTQYF",6,7.18817036530832e-07
"452","not_found","CASSSSTDTQYF",6,1.1944058887191e-06
"453","not_found","CASSSSYNEQFF",6,1.1426354058264e-06
"454","not_found","CASSSTGYEQYF",6,1.2446035942513e-06
"455","not_found","CASSTGDSNQPQHF",6,4.47930568641807e-07
"456","not_found","CASSTGNYGYTF",6,9.5167043639773e-07
"457","not_found","CASSTTDTQYF",6,5.5947507950844e-07
"458","not_found","CASSTYNEQFF",6,7.3656638761073e-07
"459","not_found","CASSVDRNTEAFF",6,2.76158977689194e-07
"460","not_found","CASSVGETQYF",6,7.50097797724316e-07
"461","not_found","CASSVGGSSYNEQFF",6,2.28304731351475e-07
"462","not_found","CASSVYNEQFF",6,4.39128566392534e-07
"463","not_found","CASSYGGTEAFF",6,4.05472900614277e-07
"464","not_found","CASSYSDTGELFF",6,8.73387770852142e-08
"465","not_found","CASSYSGANVLTF",6,2.2658224566002e-07
"466","not_found","CSARDNTGELFF",6,6.40917968732884e-08
"467","not_found","CSARVGVGNTIYF",6,5.82649230045835e-09
"468","not_found","CASGGNTIYF",5,2.29393280322677e-07
"469","not_found","CASGNEQFF",5,4.16148996938237e-07
"470","not_found","CASGNTEAFF",5,4.2820093142721e-07
"471","not_found","CASGSYEQYF",5,1.04710313959542e-06
"472","not_found","CASGTDTQYF",5,5.34684495278411e-07
"473","not_found","CASGTEAFF",5,4.84249200623923e-07
"474","not_found","CASGTGELFF",5,3.18922312640735e-07
"475","not_found","CASGVNTEAFF",5,3.4554010956576e-07
"476","not_found","CASGYEQYF",5,9.71650692616946e-07
"477","not_found","CASMGNTEAFF",5,1.16306020897709e-07
"478","not_found","CASRDSLSYEQYF",5,4.60487976644529e-08
"479","not_found","CASRGEETQYF",5,1.1618794636989e-06
"480","not_found","CASRGETQYF",5,2.47601843392315e-06
"481","not_found","CASRGGTEAFF",5,1.76384591688363e-06
"482","not_found","CASRGNEQFF",5,1.44793344373444e-06
"483","not_found","CASRTNTEAFF",5,7.66094797328434e-07
"484","not_found","CASSAGETQYF",5,1.31370907416002e-06
"485","not_found","CASSAGPNYEQYF",5,3.53064483520346e-08
"486","not_found","CASSASSYEQYF",5,7.56714008630054e-07
"487","not_found","CASSATDTQYF",5,4.72928862378177e-07
"488","not_found","CASSDDGMNTEAFF",5,1.13178568169834e-08
"489","not_found","CASSDNYGYTF",5,5.36222694177062e-07
"490","not_found","CASSEGGTEAFF",5,7.77633680627742e-07
"491","not_found","CASSEGYEQYF",5,2.43702093572484e-06
"492","not_found","CASSESTDTQYF",5,4.0145026152889e-07
"493","not_found","CASSFADTQYF",5,1.6171671853352e-07
"494","not_found","CASSFDRGYGYTF",5,1.86646018117016e-07
"495","not_found","CASSFEGDQPQHF",5,5.49938133091037e-08
"496","not_found","CASSFGGTDTQYF",5,5.19425024882316e-07
"497","not_found","CASSFGMNTEAFF",5,1.41953271381097e-07
"498","not_found","CASSFGNQPQHF",5,3.70468834843245e-07
"499","not_found","CASSFGTEAFF",5,3.8096984858132e-07
"500","not_found","CASSFGTGELFF",5,2.62567570104557e-07
"501","not_found","CASSFLYEQYF",5,5.49220999496945e-07
"502","not_found","CASSFNSYEQYF",5,1.58038124765173e-07
"503","not_found","CASSFQGYTEAFF",5,8.0093533526235e-08
"504","not_found","CASSFRETQYF",5,7.26487028053793e-07
"505","not_found","CASSFRGDTQYF",5,3.56945316728335e-07
"506","not_found","CASSFRGNTEAFF",5,9.82149400570036e-07
"507","not_found","CASSFSETQYF",5,2.7802118105401e-07
"508","not_found","CASSFSNTGELFF",5,1.37805056880541e-07
"509","not_found","CASSFTGGETQYF",5,1.63146392522727e-07
"510","not_found","CASSFTYEQYF",5,7.8989475494989e-07
"511","not_found","CASSGDSYEQYF",5,1.64089704909097e-06
"512","not_found","CASSGGDTQYF",5,1.4833053403893e-06
"513","not_found","CASSGQGNTEAFF",5,1.9547143389668e-06
"514","not_found","CASSGTEAFF",5,1.7148315181929e-06
"515","not_found","CASSGTGELFF",5,1.10394006921827e-06
"516","not_found","CASSGYNEQFF",5,1.40279555603091e-06
"517","not_found","CASSHRYEQYF",5,6.46326007684856e-07
"518","not_found","CASSIGRNTEAFF",5,1.57983268014917e-07
"519","not_found","CASSIKETQYF",5,1.34872688050622e-07
"520","not_found","CASSLAAGANEQFF",5,2.06216980126282e-08
"521","not_found","CASSLAGDEQFF",5,9.28360208270846e-07
"522","not_found","CASSLAGDTEAFF",5,5.96606432697711e-07
"523","not_found","CASSLAGGETQYF",5,1.25197939435482e-06
"524","not_found","CASSLAGGNEQFF",5,9.84640202447211e-07
"525","not_found","CASSLAGGNTEAFF",5,7.24651606426772e-07
"526","not_found","CASSLAGGSYEQYF",5,1.2958361663724e-06
"527","not_found","CASSLAGGYEQYF",5,2.38384303400809e-06
"528","not_found","CASSLAGNTIYF",5,4.00775426439896e-07
"529","not_found","CASSLAGQETQYF",5,1.51482507152367e-06
"530","not_found","CASSLAGSTDTQYF",5,9.33606536596038e-07
"531","not_found","CASSLAGSYEQYF",5,2.60385694088671e-06
"532","not_found","CASSLAGTYEQYF",5,1.35852600881513e-06
"533","not_found","CASSLAGYGYTF",5,8.49089607723565e-07
"534","not_found","CASSLAPTDTQYF",5,1.848240280373e-07
"535","not_found","CASSLATDTQYF",5,7.67820447388884e-07
"536","not_found","CASSLATEAFF",5,5.74189886286319e-07
"537","not_found","CASSLATGELFF",5,5.0184602169101e-07
"538","not_found","CASSLAVNTEAFF",5,3.10699514320465e-07
"539","not_found","CASSLDLNTEAFF",5,2.37714511472997e-07
"540","not_found","CASSLDNQPQHF",5,6.09260913195101e-07
"541","not_found","CASSLDNYEQYF",5,1.94256364261048e-07
"542","not_found","CASSLDRDTEAFF",5,8.22600108019428e-07
"543","not_found","CASSLDRGGYTF",5,7.32428042486265e-07
"544","not_found","CASSLDRGTDTQYF",5,5.95478078900861e-07
"545","not_found","CASSLDRYEQYF",5,8.74598880370533e-07
"546","not_found","CASSLDSTGNTIYF",5,2.7752804720963e-08
"547","not_found","CASSLDYGYTF",5,8.16124669876229e-07
"548","not_found","CASSLEEGSYEQYF",5,9.83185269554026e-08
"549","not_found","CASSLEGNEQFF",5,4.73842470625687e-07
"550","not_found","CASSLEGYGYTF",5,6.29590148350508e-07
"551","not_found","CASSLENTEAFF",5,5.59813197155137e-07
"552","not_found","CASSLETQYF",5,1.5273170264291e-06
"553","not_found","CASSLEVNTEAFF",5,1.7165134398594e-07
"554","not_found","CASSLGANTEAFF",5,8.27680589231846e-07
"555","not_found","CASSLGASYEQYF",5,1.04741499526671e-06
"556","not_found","CASSLGGGNEQFF",5,1.19580721073774e-06
"557","not_found","CASSLGGGNTEAFF",5,1.11948723182756e-06
"558","not_found","CASSLGGGTDTQYF",5,1.6514005505008e-06
"559","not_found","CASSLGGLNTEAFF",5,8.18237519252662e-07
"560","not_found","CASSLGGLYEQYF",5,8.79796215789866e-07
"561","not_found","CASSLGGQETQYF",5,2.02545704078519e-06
"562","not_found","CASSLGGSYNEQFF",5,1.15704902523691e-06
"563","not_found","CASSLGGTDTQYF",5,2.41890148652332e-06
"564","not_found","CASSLGLEAFF",5,2.00310484005592e-07
"565","not_found","CASSLGLNTGELFF",5,2.77745929509416e-07
"566","not_found","CASSLGLQETQYF",5,4.4966947787459e-07
"567","not_found","CASSLGLTEAFF",5,4.83940423108837e-07
"568","not_found","CASSLGNNEQFF",5,4.95833482969925e-07
"569","not_found","CASSLGPYNEQFF",5,6.68922038916653e-07
"570","not_found","CASSLGQETQYF",5,2.2667484812971e-06
"571","not_found","CASSLGQNTGELFF",5,2.40279576679377e-07
"572","not_found","CASSLGQSYEQYF",5,6.66457280124294e-07
"573","not_found","CASSLGRDGYTF",5,4.78541828126283e-07
"574","not_found","CASSLGREAFF",5,4.00224986141413e-07
"575","not_found","CASSLGSDTQYF",5,3.99971807094753e-07
"576","not_found","CASSLGSGAYNEQFF",5,4.4784947144216e-08
"577","not_found","CASSLGTAYGYTF",5,1.68800204410275e-07
"578","not_found","CASSLGTNTEAFF",5,7.25335399612778e-07
"579","not_found","CASSLGTSREQYF",5,2.10590477028676e-08
"580","not_found","CASSLGVNEQFF",5,3.65987113663047e-07
"581","not_found","CASSLGVNQPQHF",5,5.00150137811818e-07
"582","not_found","CASSLISYEQYF",5,4.87287974635848e-07
"583","not_found","CASSLKGNTEAFF",5,3.04372471364589e-07
"584","not_found","CASSLNRGYEQYF",5,3.96105721208246e-07
"585","not_found","CASSLNTDTQYF",5,2.2260004577619e-07
"586","not_found","CASSLPGELFF",5,1.99352141159645e-07
"587","not_found","CASSLQENTEAFF",5,1.65230660184572e-07
"588","not_found","CASSLQGSYGYTF",5,3.14148235706581e-07
"589","not_found","CASSLQSSYEQYF",5,2.55551383397443e-07
"590","not_found","CASSLRDRAYEQYF",5,4.89343355702775e-07
"591","not_found","CASSLRDTEAFF",5,1.02152664136642e-06
"592","not_found","CASSLRGGYGYTF",5,7.54770530844529e-07
"593","not_found","CASSLRNTEAFF",5,1.23167284464239e-06
"594","not_found","CASSLRNTGELFF",5,5.81206490088899e-07
"595","not_found","CASSLRVNTEAFF",5,6.01996712859466e-07
"596","not_found","CASSLSGEQFF",5,2.54858313526936e-07
"597","not_found","CASSLSGETQYF",5,7.47466007400458e-07
"598","not_found","CASSLSGGTEAFF",5,3.54871956370526e-07
"599","not_found","CASSLSGNTEAFF",5,5.76445462562817e-07
"600","not_found","CASSLSGQPQHF",5,4.20881747611555e-07
"601","not_found","CASSLSGSTDTQYF",5,3.60177961617617e-07
"602","not_found","CASSLSGTDTQYF",5,7.36822898819305e-07
"603","not_found","CASSLSGTEAFF",5,5.58869810105258e-07
"604","not_found","CASSLSNEQFF",5,6.76834221123357e-07
"605","not_found","CASSLSRYEQYF",5,6.03673576784762e-07
"606","not_found","CASSLSSEQFF",5,1.28274829228916e-07
"607","not_found","CASSLSSYNEQFF",5,7.99131516067985e-07
"608","not_found","CASSLSTGELFF",5,4.47306607710952e-07
"609","not_found","CASSLTEAFF",5,1.05938618040028e-06
"610","not_found","CASSLTGGTEAFF",5,6.6801706829231e-07
"611","not_found","CASSLTGNTGELFF",5,4.00594297234325e-07
"612","not_found","CASSLTGSSYEQYF",5,5.70589950185197e-07
"613","not_found","CASSLTQETQYF",5,5.29793440830302e-07
"614","not_found","CASSLTSGPYNEQFF",5,9.38527663819646e-08
"615","not_found","CASSLTSSYNEQFF",5,3.49990984313298e-07
"616","not_found","CASSLTTEAFF",5,5.906182090147e-07
"617","not_found","CASSLTVNTEAFF",5,3.67211133201829e-07
"618","not_found","CASSLVDTEAFF",5,2.04085269103586e-07
"619","not_found","CASSLVGDTEAFF",5,2.47973204261097e-07
"620","not_found","CASSLVGGNEQFF",5,2.82506756485887e-07
"621","not_found","CASSLVGGQETQYF",5,2.82120803212879e-07
"622","not_found","CASSLVGNTEAFF",5,3.34175244137703e-07
"623","not_found","CASSLVNEQFF",5,5.17883287558105e-07
"624","not_found","CASSLVPTDTQYF",5,9.89944412056138e-08
"625","not_found","CASSLVQETQYF",5,4.65902734026585e-07
"626","not_found","CASSLVSTDTQYF",5,3.56237120543956e-07
"627","not_found","CASSLVVNTEAFF",5,1.02168637697419e-07
"628","not_found","CASSLYRGEKLFF",5,8.25511514722422e-08
"629","not_found","CASSNNEQFF",5,4.33253610249003e-07
"630","not_found","CASSPADTQYF",5,6.27086292112164e-07
"631","not_found","CASSPDRNYGYTF",5,2.35975324988167e-07
"632","not_found","CASSPDRVYGYTF",5,1.96712441995855e-07
"633","not_found","CASSPGAGELFF",5,5.83664390060963e-07
"634","not_found","CASSPGAYEQYF",5,3.1972863406703e-06
"635","not_found","CASSPGGDTQYF",5,9.01679702290468e-07
"636","not_found","CASSPGGEQFF",5,6.99529716456912e-07
"637","not_found","CASSPGGTGELFF",5,1.00692050271323e-06
"638","not_found","CASSPGLAGYEQYF",5,7.11239997340838e-07
"639","not_found","CASSPGNEQYF",5,8.10122108780663e-07
"640","not_found","CASSPGPNTEAFF",5,5.88014666470709e-07
"641","not_found","CASSPGQGNTEAFF",5,1.28028068773997e-06
"642","not_found","CASSPGQNTEAFF",5,7.69354370664572e-07
"643","not_found","CASSPGRYEQYF",5,1.73424118634269e-06
"644","not_found","CASSPGTGNTEAFF",5,5.58829204599885e-07
"645","not_found","CASSPGTSYNEQFF",5,3.50046762740771e-07
"646","not_found","CASSPLYEQYF",5,1.20065592549407e-06
"647","not_found","CASSPNTDTQYF",5,1.5238604644426e-07
"648","not_found","CASSPNYSNQPQHF",5,3.95442440813937e-08
"649","not_found","CASSPPGNTEAFF",5,5.11970159382894e-07
"650","not_found","CASSPPSYEQYF",5,7.2605874759792e-07
"651","not_found","CASSPRDTQYF",5,7.65365502640758e-07
"652","not_found","CASSPRETQYF",5,1.60647858752563e-06
"653","not_found","CASSPRGNTEAFF",5,1.57600887332277e-06
"654","not_found","CASSPRTEAFF",5,8.52249716382618e-07
"655","not_found","CASSPSETQYF",5,5.47869471716095e-07
"656","not_found","CASSPSGYEQYF",5,1.48667502895596e-06
"657","not_found","CASSPTGAEAFF",5,2.42060676863754e-07
"658","not_found","CASSQEETQYF",5,5.20366104253488e-07
"659","not_found","CASSQGNEQYF",5,6.97810889311678e-07
"660","not_found","CASSQGNTGELFF",5,7.02930561170381e-07
"661","not_found","CASSQGPNYEQYF",5,5.75846248167102e-08
"662","not_found","CASSQGTEAFF",5,2.20131002920165e-06
"663","not_found","CASSQGTGELFF",5,9.63287542744208e-07
"664","not_found","CASSQGYTEAFF",5,4.89144261275564e-07
"665","not_found","CASSQSPGGTQYF",5,2.07612422627205e-09
"666","not_found","CASSQTANYGYTF",5,9.3433167723523e-08
"667","not_found","CASSQVNEQFF",5,1.68793005584676e-07
"668","not_found","CASSRDNEQFF",5,1.71362543362259e-06
"669","not_found","CASSRDNSYEQYF",5,1.1228892805251e-07
"670","not_found","CASSRDRGYGYTF",5,8.85939515526092e-07
"671","not_found","CASSRDRNTEAFF",5,1.06974374723731e-06
"672","not_found","CASSRDSYGYTF",5,8.9037961499296e-07
"673","not_found","CASSREETQYF",5,1.82109017469535e-06
"674","not_found","CASSRGDEQYF",5,2.47828803072998e-06
"675","not_found","CASSRGGDTQYF",5,1.1339564250432e-06
"676","not_found","CASSRGTNYGYTF",5,4.91632210652145e-07
"677","not_found","CASSRQGNTEAFF",5,1.63367778415675e-06
"678","not_found","CASSRSTDTQYF",5,1.27748176622881e-06
"679","not_found","CASSRTEAFF",5,1.69574059850384e-06
"680","not_found","CASSRTGELFF",5,1.13025209787909e-06
"681","not_found","CASSRTGNTEAFF",5,1.18759130442955e-06
"682","not_found","CASSSDYEQYF",5,1.28623917600203e-06
"683","not_found","CASSSGDTQYF",5,1.0169630287673e-06
"684","not_found","CASSSGPYEQYF",5,1.97208611051942e-06
"685","not_found","CASSSGSTDTQYF",5,1.06407321704754e-06
"686","not_found","CASSSGTDYGYTF",5,2.81813010041787e-07
"687","not_found","CASSSHNEQFF",5,2.63723790761678e-07
"688","not_found","CASSSHYEQYF",5,6.18756103467289e-07
"689","not_found","CASSSLETQYF",5,6.78420098850182e-07
"690","not_found","CASSSLSYEQYF",5,8.39707002919088e-07
"691","not_found","CASSSNSPLHF",5,3.90104082505803e-07
"692","not_found","CASSSRETQYF",5,1.50725910708803e-06
"693","not_found","CASSSRYEQYF",5,1.94943928592483e-06
"694","not_found","CASSSSNQPQHF",5,1.24472300627513e-06
"695","not_found","CASSSSYGYTF",5,7.55428346133317e-07
"696","not_found","CASSSTGGNQPQHF",5,5.04240669378658e-07
"697","not_found","CASSTGPYEQYF",5,1.20131268666642e-06
"698","not_found","CASSTGTAYEQYF",5,3.28819264621806e-07
"699","not_found","CASSTTGELFF",5,4.02456502606846e-07
"700","not_found","CASSVDSYNEQFF",5,1.40773701875123e-07
"701","not_found","CASSVGTDTQYF",5,6.41123587723039e-07
"702","not_found","CASSVNTEAFF",5,4.18235216038434e-07
"703","not_found","CASSWGNTEAFF",5,1.21490600676933e-06
"704","not_found","CASSWGTDTQYF",5,7.4576719830437e-07
"705","not_found","CASSWGTEAFF",5,1.04858786204701e-06
"706","not_found","CASSYAYEQYF",5,5.0500194010457e-07
"707","not_found","CASSYGGDGYTF",5,1.42167567804798e-07
"708","not_found","CASSYRGEQYF",5,7.55743320395038e-07
"709","not_found","CASSYSETQYF",5,2.77099282318734e-07
"710","not_found","CASSYSGETQYF",5,3.77417381739083e-07
"711","not_found","CASSYSNEQFF",5,3.05596633180217e-07
"712","not_found","CASSYYNEQFF",5,6.31058050767502e-07
"713","not_found","CASTGNTEAFF",5,1.06013117613704e-06
"714","not_found","CASTLYNEQFF",5,2.37205773411304e-07
"715","not_found","CATSDSYEQYF",5,2.80384157584736e-07
"716","not_found","CSARDRVGNTIYF",5,2.59896016428296e-08
"717","not_found","CSARTSGGGTGELFF",5,4.55640856017297e-09
"718","not_found","CSASGGSYEQYF",5,3.0226588552595e-07
"719","not_found","CSASGGYEQYF",5,5.05614544719166e-07
"720","not_found","CSVADNEQFF",5,4.52046513944504e-08
"721","not_found","CSVGETQYF",5,1.22634805808751e-07
"722","not_found","CSVGGNTEAFF",5,1.80906932853167e-07
"723","not_found","CTTVSLTSYTSYHF",5,7.25008086209884e-23
