"","v","cdr3","mean_score","length"
"1","TRBV10-2*01","CASGGPKVPYNEQFF",0.999962493321475,15
"2","TRBV5-8*01","CASIHRKGANNEQFF",0.999962879594635,15
"3","TRBV7-9*01","CASSSKKNFSYEQYF",0.999962924368241,15
"4","TRBV7-3*01","CASSCTKEDKYEQYF",0.999962985831149,15
"5","TRBV6-9*01","CASTADPKPDNEQFF",0.999963025555891,15
"6","TRBV7-9*01","CASSWIKGGEREQYF",0.999963128181065,15
"7","TRBV25-1*01","CASIPPKDNSYEQYF",0.999963194657775,15
"8","TRBV14*01","CASSQEYKTLGGYTF",0.999963245882707,15
"9","TRBV10-3*01","CAPFPSYRDKNEQYF",0.999963690007434,15
"10","TRBV14*01","CASSPNKPPDSPLHF",0.9999639326334,15
"11","TRBV10-2*01","CASKGTDMVEDEQYF",0.999964363469797,15
"12","TRBV4-1*01","CASSAPKGMESPLHF",0.99996449649334,15
"13","TRBV15*02","CATSKNKEHLYEQYF",0.999964583130444,15
"14","TRBV29-1*01","CSVEESKDYYNEQFF",0.999964730143547,15
"15","TRBV10-3*01","CAIMNREKFTDTQYF",0.999964879225282,15
"16","TRBV6-5*01","CASTPYKKDNYGYTF",0.999965032970204,15
"17","TRBV6-1*01","CASSEHKVKPDTQYF",0.999965042471886,15
"18","TRBV29-1*01","CSVEWKREWADTQYF",0.999965619690278,15
"19","TRBV10-3*01","CAISEAKGTGKPQHF",0.999965688270681,15
"20","TRBV5-4*01","CASSFPKELEDEQYF",0.999965811441926,15
"21","TRBV5-3*01","CARSSIPEKLDEQYF",0.999965873255449,15
"22","TRBV27*01","CASTSGKFAKNIQYF",0.99996598191121,15
"23","TRBV4-1*01","CASSDFKREGNEQYF",0.999966416954994,15
"24","TRBV11-1*01","CASNSEEGSISGYTF",0.999966491110185,15
"25","TRBV11-2*01","CASSFPKKSAYEQYF",0.9999666005373,15
"26","TRBV10-3*01","CAISDPKSWIYGYTF",0.99996666950338,15
"27","TRBV6-6*01","CASPLIKGGRHEQYF",0.999966720132267,15
"28","TRBV14*01","CASKRTGEDLGGYTF",0.999967095536344,15
"29","TRBV10-2*01","CASKLTKGDYNEQFF",0.999967428551001,15
"30","TRBV7-8*01","CASKSKENTLVGYTF",0.999967483422335,15
"31","TRBV7-9*01","CASSSRKEPDQPQHF",0.999967563222436,15
"32","TRBV11-1*01","CASSPIKGWLLGYTF",0.999967750416083,15
"33","TRBV2*01","CARTSYKEDTDTQYF",0.999968111129368,15
"34","TRBV27*01","CASSPEKAEDPEQYF",0.99996833766208,15
"35","TRBV11-2*03","CASSLSKMGLDEQYF",0.999968560232836,15
"36","TRBV7-9*01","CARKGGKDSNQPQHF",0.999968747917344,15
"37","TRBV7-8*01","CASGPQKMATGELFF",0.999968923330307,15
"38","TRBV5-6*01","CASRGEEKGRNEQFF",0.999969041242319,15
"39","TRBV6-1*01","CASSERKKSDREQYF",0.999969184714205,15
"40","TRBV3-1*01","CASRKQKFCFPEQYF",0.999969556647189,15
"41","TRBV6-1*01","CASSDRKVWKHHPYF",0.999969779603622,15
"42","TRBV14*01","CASSQDKGPIYGYTF",0.99996996616616,15
"43","TRBV10-2*01","CASTPWWEPNYGYTF",0.999970188000623,15
"44","TRBV10-1*01","CASSEPKKREIEQYF",0.999970761467429,15
"45","TRBV29-1*01","CSVAPGKGELSGYTF",0.999971926668111,15
"46","TRBV4-1*01","CASSANKDPQETQYF",0.999972092579393,15
"47","TRBV11-3*01","CASSPDKDDHNEQFF",0.999972508724998,15
"48","TRBV10-3*01","CAISESKIEGAIQYF",0.999973216758055,15
"49","not_found","CASLKGKKSNQPQHF",0.999973418502247,15
"50","TRBV29-1*01","CSVEDPKKGDTEAFF",0.999973555487745,15
"51","TRBV7-8*01","CASTPIPNWFYEQYF",0.999973966128686,15
"52","TRBV11-3*01","CASNSMEREGHEQYF",0.999974087862407,15
"53","TRBV6-5*01","CASPLQEADYPSRYF",0.999974377646166,15
"54","not_found","CASSEHKTDRHEQYF",0.999974770405713,15
"55","TRBV29-1*01","CSVEYRKKTYYGYTF",0.999974942137213,15
"56","TRBV29-1*01","CSVIRVKGPIDEQYF",0.999975486608113,15
"57","TRBV5-5*01","CASTLGKDPRYGYTF",0.999975491656977,15
"58","TRBV29-1*01","CSVAGDKKTGDEQYF",0.999975692209075,15
"59","TRBV29-1*01","CSVPTGKPFRNEQFF",0.999976183912333,15
"60","TRBV11-1*01","CASSFNKREGDEQFF",0.999976403467795,15
"61","TRBV7-9*01","CASIGPKELWYGYTF",0.99997703618863,15
"62","TRBV7-8*01","CASTAFKTTGIGQFF",0.999977512710235,15
"63","TRBV5-5*01","CASSLNKVFLRGYTF",0.999977572805741,15
"64","TRBV11-3*01","CASSTPKGEAEEQFF",0.999977793974035,15
"65","TRBV2*01","CAIQAFKGKGQPQHF",0.999978170780575,15
"66","TRBV5-5*01","CASSHRKDEPYEQYF",0.999978448257727,15
"67","TRBV11-3*01","CASRDTKPAKNIQYF",0.999978500569568,15
"68","TRBV7-8*01","CASRDTKGKSYEQYF",0.999978788950864,15
"69","TRBV7-2*01","CASSKWKMDLNEQFF",0.999979958323871,15
"70","TRBV7-8*01","CASRPNYKENSPLHF",0.999980786618064,15
"71","TRBV5-8*01","CASSSPKKDLYEQYF",0.999981046283946,15
"72","TRBV6-6*01","CASMPYKKYQETQYF",0.999981181866982,15
"73","TRBV11-2*03","CASGIYKAKPYEQYF",0.999981202062439,15
"74","TRBV5-4*01","CASKEREKEAGELFF",0.999982152370846,15
"75","TRBV14*01","CASSRRKDGRDGYTF",0.999982244758045,15
"76","not_found","CASIPSKEFGNEQFF",0.999982517046087,15
"77","TRBV14*01","CASRDTKGPRGGYTF",0.999982860263656,15
"78","TRBV5-5*01","CASTPVKKRIAEAFF",0.999982887751916,15
"79","TRBV5-5*01","CASSLDKDFEETQYF",0.999983620328062,15
"80","TRBV6-2*01","CASSYSKEKIYGYTF",0.99998383620206,15
"81","TRBV7-6*01","CASASFKEGDETQYF",0.999983842197587,15
"82","TRBV11-2*01","CASQGVKGKSYEQYF",0.999985905990881,15
"83","TRBV29-1*01","CSVETIKKDIGELFF",0.999986455650891,15
"84","TRBV4-1*01","CASRSEKDHNSPLHF",0.999986494604279,15
"85","TRBV7-8*01","CASRSGKREGPEQYF",0.99998799671145,15
"86","TRBV11-2*03","CASRSMKGKVMVQYF",0.999988021535032,15
"87","TRBV7-2*01","CARNSTKVWDNEQFF",0.999988043553689,15
"88","TRBV10-2*01","CATQSPKGANYGYTF",0.999988618773573,15
"89","TRBV15*02","CATSSHKDWRNEQFF",0.999988684549051,15
"90","TRBV6-5*01","CASSYSKDLIKGSTF",0.999988847585285,15
"91","TRBV5-6*01","CASRSWKIWADTQYF",0.999988905296606,15
"92","TRBV7-8*01","CASSFFKIFHYGYTF",0.9999891575645,15
"93","TRBV14*01","CASTSGEMEIVTQYF",0.999989191924824,15
"94","TRBV10-2*01","CASSATKDTIFGYTF",0.999989767109646,15
"95","TRBV6-5*01","CASLSSKAKHNEQYF",0.999990327077753,15
"96","TRBV29-1*01","CSVEEEKPGENGYTF",0.999991186822162,15
"97","TRBV9*01","CARGYKYIPVKNQHF",0.999991788583643,15
"98","TRBV4-1*01","CASSHKYRDEKPQHF",0.99999187437927,15
"99","TRBV7-8*01","CAGRTEKKSNQPQHF",0.999992020761265,15
"100","TRBV11-2*03","CASNHLKSKENEQFF",0.999996851963155,15
"101","TRBV21-1*01","CASSKGATGTGRGDF",3.46391931501969e-05,15
"102","TRBV21-1*01","CASSKRRSMMAPQHF",4.14703197734258e-05,15
"103","TRBV21-1*01","CASTKGNRSMDIQYF",4.31368108419855e-05,15
"104","TRBV21-1*01","CASHEGGAGANVLTF",4.89201799149161e-05,15
"105","TRBV21-1*01","CASSSHRGRMETQYF",5.60784443272241e-05,15
"106","TRBV21-1*01","CASSTWNGQGLRAFF",5.75978014519681e-05,15
"107","TRBV21-1*01","CASSKGAGSMDGYTF",5.86508951821051e-05,15
"108","TRBV21-1*01","CASSKMNSRHYEQYV",6.23221999320879e-05,15
"109","TRBV21-1*01","CASSKCNGRSYEQYV",6.33958849880494e-05,15
"110","TRBV21-1*01","CASSNLQGLMETQYF",6.49812765822442e-05,15
"111","TRBV21-1*01","CASSPLGQGRLRYTF",6.98753380152932e-05,15
"112","TRBV21-1*01","CASSNQGLQMGGYTF",7.16824500338349e-05,15
"113","TRBV21-1*01","CASSRQTGGMAEAFF",7.18985908372506e-05,15
"114","TRBV21-1*01","CASHGPGAGANVLTF",7.36041609740194e-05,15
"115","TRBV21-1*01","CASSTGPGGMETQYF",7.3641451133117e-05,15
"116","TRBV21-1*01","CASSKRNAGANVLTF",7.65165750038218e-05,15
"117","TRBV21-1*01","CASSSRTSGMNIQYF",8.13671102504027e-05,15
"118","TRBV21-1*01","CARPRGAGGMETQYF",8.18706096804796e-05,15
"119","TRBV21-1*01","CASSRRNRANYGYTF",8.20349992610738e-05,15
"120","TRBV21-1*01","CASSSRRTGYYEQYV",8.58609599587968e-05,15
"121","TRBV21-1*01","CASSKSGQGMGPQHF",8.84689170998524e-05,15
"122","TRBV21-1*01","CASSKGNRGPYKQYF",8.90134069670733e-05,15
"123","TRBV21-1*01","CASHGDVSYNSPLHF",8.95337327991449e-05,15
"124","TRBV21-1*01","CASSKGRGCMVEAFF",9.02854087327957e-05,15
"125","TRBV21-1*01","CASSKDNRARALEHF",9.29952798040893e-05,15
"126","TRBV21-1*01","CASSKGATLAYEQYV",9.53039515722717e-05,15
"127","TRBV21-1*01","CASSPLAGGPREQYV",9.75023575001719e-05,15
"128","TRBV21-1*01","CASSKRVHRGWTQYF",9.90200645302884e-05,15
"129","TRBV21-1*01","CASSGLHDRMEKLFF",9.94535559592737e-05,15
"130","TRBV21-1*01","CASSNTSGGAWTQYF",0.000103479123656594,15
"131","TRBV21-1*01","CASSPQTGAMKTQYF",0.000108908273712049,15
"132","TRBV21-1*01","CASSSASTNMETQYF",0.000109279924681663,15
"133","TRBV21-1*01","CASSKGGGQGWGYTF",0.000111599031424875,15
"134","TRBV21-1*01","CASRAGNYSNQPQHF",0.000113108814062402,15
"135","TRBV21-1*01","CASSGRRDSMYTQYF",0.000113192227660008,15
"136","TRBV21-1*01","CASSTHNRGTGRRHF",0.000116106191119857,15
"137","TRBV21-1*01","CASSNANRRSYGYTF",0.00011855584892319,15
"138","TRBV21-1*01","CAGSKRNPGSYEQYF",0.000119512057623729,15
"139","TRBV21-1*01","CASSKVRTGAYEQYV",0.000120261405922922,15
"140","TRBV21-1*01","CASSKGNRGPYEQYF",0.000120735446518123,15
"141","TRBV21-1*01","CASSKDLRQMSAQYF",0.000121742033799237,15
"142","TRBV21-1*01","CASSKLNNSGNTIYF",0.000127030094350133,15
"143","TRBV21-1*01","CASSKGRTGPLTLHF",0.000128974655059041,15
"144","TRBV21-1*01","CASSQGGLGAYEQYV",0.000128977207437969,15
"145","TRBV21-1*01","CASSKEETGMRKLFF",0.000129897931728795,15
"146","TRBV21-1*01","CASSNGNGIPDTQYF",0.000131282456775459,15
"147","TRBV21-1*01","CASSEGQGSGNEQYV",0.00013535274085989,15
"148","TRBV21-1*01","CASSKGPLAMKTQYF",0.000136529994833222,15
"149","TRBV21-1*01","CAHYQTRAGANVLTF",0.000137958528685634,15
"150","TRBV21-1*01","CASSPRTGGAWPQHF",0.000139854643667826,15
"151","TRBV21-1*01","CASSKCNPGGETQYF",0.000139920217339254,15
"152","TRBV21-1*01","CASRRGNYSNQPQHF",0.000142212073693027,15
"153","TRBV21-1*01","CASSKGNSMNTEAFF",0.000145140779911172,15
"154","TRBV21-1*01","CASSSRQGGNYEQYV",0.000150355081179073,15
"155","TRBV21-1*01","CASSKANRMNSPLHF",0.000150612112110379,15
"156","TRBV21-1*01","CASSTLAGGLWTQYF",0.000151970780524641,15
"157","TRBV7-2*01","CASSSPNPGMLTQYF",0.000152892527711195,15
"158","TRBV21-1*01","CASSKALGGMDGYTF",0.000154031399824256,15
"159","TRBV21-1*01","CASSSDRARSYEQYV",0.000157618449799723,15
"160","TRBV21-1*01","CASSKANTMNTEAFF",0.000158013213968145,15
"161","TRBV21-1*01","CASSKKHPIMNTIYF",0.000158463083037936,15
"162","TRBV21-1*01","CASSKGNRGHEKLFF",0.000159255834935419,15
"163","TRBV21-1*01","CASSKGNRVLRPLHF",0.000159733205228506,15
"164","TRBV21-1*01","CASSKRNPGSYEQYF",0.000164482660859124,15
"165","TRBV21-1*01","CASSKNNRGGCGYTF",0.000167488203691199,15
"166","TRBV21-1*01","CASSKYNSSGNTIYF",0.000168166088535086,15
"167","TRBV21-1*01","CASHHGGGAKDTQYF",0.000169613144856568,15
"168","TRBV21-1*01","CASSKTAGGWYEQYV",0.000173667838837154,15
"169","TRBV21-1*01","CASSKDNRGGQPQHF",0.0001737988314562,15
"170","TRBV21-1*01","CASSKGNVKGYGYTF",0.000175021485439392,15
"171","TRBV21-1*01","CAQHDQGSPPETQYF",0.000176705522697385,15
"172","TRBV21-1*01","CASSKEGTSSMRQFF",0.000176810497417921,15
"173","TRBV21-1*01","CASHRAVGSLDTQYF",0.000177933036759877,15
"174","TRBV21-1*01","CARHGTGVVTGELFF",0.000179150643996966,15
"175","TRBV21-1*01","CASSKGNRGNTEAFF",0.000181785343177841,15
"176","TRBV21-1*01","CASSNDRVGSYEQYV",0.000183028845420945,15
"177","TRBV21-1*01","CASRLDNLANYGYTF",0.000186748772654408,15
"178","TRBV21-1*01","CASSNRNLSYNEQFF",0.000187826153606583,15
"179","TRBV21-1*01","CASRQDNSGANVLTF",0.000191088373625033,15
"180","TRBV21-1*01","CASSRKNRGTDTQYF",0.000193079800696466,15
"181","TRBV21-1*01","CASSSRQGSYYEQYV",0.000193446981286458,15
"182","TRBV21-1*01","CASSTTNQGGYEQYF",0.000193652297586282,15
"183","TRBV18*01","CASSPLVAGMSRQFF",0.000194652836251914,15
"184","TRBV21-1*01","CASSKLNSSSYGYTF",0.000196128517139512,15
"185","TRBV21-1*01","CASSRRQGGFYEQYV",0.000197193858046916,15
"186","TRBV21-1*01","CASSKKGQGSYEQYV",0.00019904975252054,15
"187","TRBV21-1*01","CAGHRGTGDFYEQYF",0.000200497778840263,15
"188","TRBV21-1*01","CASSARNHSNQPQHF",0.000201751672570588,15
"189","TRBV21-1*01","CASSTGTGRSYEQYV",0.000201821560218177,15
"190","TRBV21-1*01","CASSEDTFLMYEQYF",0.000202046447604533,15
"191","TRBV21-1*01","CASHDSGTGSYEQYF",0.000203939066800693,15
"192","TRBV21-1*01","CASSNRNHSGNTIYF",0.000204220551170375,15
"193","TRBV21-1*01","CASSKVSQGAWGYTF",0.000208751332061231,15
"194","TRBV21-1*01","CASSPRAGQPRAQHF",0.000208954103921698,15
"195","TRBV21-1*01","CASSKRNRDFYGYTF",0.000208958351249401,15
"196","TRBV21-1*01","CASSKENGTNEKLFF",0.000210268835486295,15
"197","TRBV21-1*01","CASSLRQGACYEQYV",0.000212531688511328,15
"198","TRBV21-1*01","CASSKGGPEMSEQYF",0.000212591119216799,15
"199","TRBV21-1*01","CASSKGRQTGEDYTF",0.000214499748433698,15
"200","TRBV21-1*01","CASSNRNSTPYGYTF",0.000215809812697567,15
